Expiration,CallPut,ImpliedVolatility,log_moneyness,iv_bid,iv_offer
0.024641163,P,0.391,-0.171174818,0.376392934,0.402285546
0.024641163,P,0.3764,-0.164172936,0.362260347,0.387329032
0.024641163,P,0.3619,-0.157238687,0.34822645,0.372473436
0.024641163,P,0.3475,-0.150372688,0.334291316,0.357718699
0.024641163,P,0.351,-0.143464162,0.342824094,0.358056462
0.024641163,P,0.336,-0.136666052,0.32811691,0.34280608
0.024641163,P,0.3285,-0.133276431,0.320763896,0.335180379
0.024641163,P,0.3276,-0.129913585,0.31345532,0.338656755
0.024641163,P,0.3124,-0.123191197,0.298802653,0.323036227
0.024641163,P,0.3026,-0.116512718,0.29723379,0.307447766
0.024641163,P,0.2997,-0.113205164,0.289696912,0.308072718
0.024641163,P,0.2919,-0.109883552,0.282109939,0.300097024
0.024641163,P,0.2921,-0.106561905,0.284079772,0.299080082
0.024641163,P,0.2842,-0.103289551,0.27635507,0.291029475
0.024641163,P,0.2797,-0.100009073,0.276257882,0.282935348
0.024641163,P,0.2748,-0.096721895,0.268275937,0.280626287
0.024641163,P,0.2697,-0.093491754,0.266780629,0.272472901
0.024641163,P,0.2642,-0.090225214,0.258644305,0.269251669
0.024641163,P,0.261,-0.087026093,0.256069601,0.265542497
0.024641163,P,0.257,-0.083770329,0.252571022,0.261122211
0.024641163,P,0.2486,-0.080581491,0.244283213,0.252618784
0.024641163,P,0.2459,-0.077376255,0.240122005,0.25117832
0.024641163,P,0.239,-0.074174821,0.235425253,0.242377102
0.024641163,P,0.2352,-0.071004769,0.230335885,0.239717896
0.024641163,P,0.2307,-0.067818216,0.227806665,0.233471367
0.024641163,P,0.2231,-0.06466921,0.218930425,0.227019449
0.024641163,P,0.219,-0.061495553,0.215269435,0.22253753
0.024641163,P,0.2121,-0.058365916,0.208611168,0.215420805
0.024641163,P,0.207,-0.055230947,0.203833046,0.210032797
0.024641163,P,0.2004,-0.052105507,0.198457474,0.202292193
0.024641163,P,0.1952,-0.048986641,0.192540211,0.197770231
0.024641163,P,0.1886,-0.045879967,0.186145915,0.190979686
0.024641163,P,0.1831,-0.042797497,0.180870374,0.185270992
0.024641163,P,0.1769,-0.039705775,0.174861501,0.178891565
0.024641163,P,0.1708,-0.036644485,0.169564015,0.1720195
0.024641163,P,0.1651,-0.033572816,0.163413449,0.166758122
0.024641163,P,0.1596,-0.030507231,0.157561741,0.161600369
0.024641163,P,0.1541,-0.02745196,0.152720569,0.155463708
0.024641163,P,0.1493,-0.024419607,0.147639688,0.150940504
0.024641163,P,0.1444,-0.02139822,0.142897961,0.145888242
0.024641163,P,0.1395,-0.018379846,0.138135528,0.140855134
0.024641163,P,0.1343,-0.015358174,0.133052204,0.135541673
0.024641163,P,0.1299,-0.012370486,0.128752377,0.131043904
0.024641163,P,0.1251,-0.009374808,0.123497723,0.126697615
0.024641163,P,0.1207,-0.006387113,0.119190106,0.122207752
0.024641163,P,0.1168,-0.003413236,0.115351461,0.118247918
0.024641163,P,0.1125,-0.000448115,0.110604404,0.114395578
0.024641163,C,0.1088,0.002450635,0.107365948,0.110233665
0.024641163,C,0.1046,0.005403076,0.103602207,0.105596764
0.024641163,C,0.1011,0.008350645,0.10001499,0.102181796
0.024641163,C,0.0978,0.0112919,0.096561196,0.099030372
0.024641163,C,0.0945,0.014199091,0.093378525,0.09560941
0.024641163,C,0.0931,0.017132971,0.091684688,0.094486334
0.024641163,C,0.0919,0.020021574,0.090019984,0.093708669
0.024641163,C,0.0915,0.022919735,0.088896392,0.093927282
0.024641163,C,0.0925,0.025802074,0.088875429,0.095723432
0.024641163,C,0.0941,0.028690333,0.090805645,0.097008172
0.024641163,C,0.0984,0.031557066,0.094290201,0.101895362
0.024641163,C,0.099,0.034413335,0.096092149,0.101540139
0.024641163,C,0.1061,0.037292012,0.103031024,0.108778584
0.024641163,C,0.1098,0.040122964,0.101075219,0.115836327
0.024641163,C,0.1125,0.042956518,0.107374428,0.116525383
0.024641163,C,0.119,0.045791254,0.113637165,0.12320765
0.024641163,C,0.1255,0.048643482,0.119901963,0.129888232
0.043806512,P,0.3429,-0.203140481,0.33037047,0.35256426
0.043806512,P,0.3241,-0.18519879,0.303453237,0.33795813
0.043806512,P,0.3085,-0.171031229,0.301494744,0.314538833
0.043806512,P,0.3087,-0.167511748,0.29585988,0.318705547
0.043806512,P,0.3029,-0.164020961,0.290262918,0.312749804
0.043806512,P,0.3008,-0.157033992,0.29126373,0.308755557
0.043806512,P,0.289,-0.150157947,0.279774774,0.296699416
0.043806512,P,0.2846,-0.14328254,0.277158929,0.291059318
0.043806512,P,0.2757,-0.136424206,0.272483402,0.278719521
0.043806512,P,0.2726,-0.133033738,0.266475039,0.27805628
0.043806512,P,0.2693,-0.129688961,0.266549875,0.27190899
0.043806512,P,0.2642,-0.122969295,0.259516328,0.268505534
0.043806512,P,0.2577,-0.116266422,0.251599429,0.263194355
0.043806512,P,0.2532,-0.112962487,0.249426066,0.256734313
0.043806512,P,0.2485,-0.109632817,0.243042751,0.253471001
0.043806512,P,0.2453,-0.106313874,0.240284055,0.249910833
0.043806512,P,0.2419,-0.10306093,0.237260297,0.24619756
0.043806512,P,0.2381,-0.099756607,0.233788881,0.242119089
0.043806512,P,0.2341,-0.096487173,0.230077232,0.237871146
0.043806512,P,0.2299,-0.093241095,0.226133176,0.233448283
0.043806512,P,0.2255,-0.090009286,0.221962621,0.228846278
0.043806512,P,0.2219,-0.086751136,0.219739072,0.223989901
0.043806512,P,0.217,-0.083508983,0.214958507,0.218978551
0.043806512,P,0.213,-0.08033311,0.210122667,0.215756358
0.043806512,P,0.2095,-0.077118916,0.206846265,0.21205363
0.043806512,P,0.2056,-0.073898486,0.203139679,0.207976424
0.043806512,P,0.2007,-0.070724901,0.199164032,0.202203352
0.043806512,P,0.197,-0.067556108,0.194858065,0.199081175
0.043806512,P,0.1922,-0.064369305,0.190192582,0.194155123
0.043806512,P,0.1885,-0.061246344,0.186643868,0.190313101
0.043806512,P,0.1837,-0.058081872,0.181376018,0.18595875
0.043806512,P,0.1797,-0.05494,0.17809214,0.181277737
0.043806512,P,0.1758,-0.051818944,0.174312681,0.177262773
0.043806512,P,0.1714,-0.048690855,0.170017559,0.172762201
0.043806512,P,0.1675,-0.045599308,0.166220943,0.168762744
0.043806512,P,0.1634,-0.042486927,0.161817416,0.164959276
0.043806512,P,0.1592,-0.039406786,0.157731657,0.160649642
0.043806512,P,0.1558,-0.036332234,0.154446242,0.157139312
0.043806512,P,0.1517,-0.033265648,0.150443111,0.152945562
0.043806512,P,0.1481,-0.030202601,0.146935698,0.149255677
0.043806512,P,0.1438,-0.027168858,0.142713804,0.144879552
0.043806512,P,0.1402,-0.024115931,0.13868186,0.141707119
0.043806512,P,0.1367,-0.021085025,0.13575585,0.137640623
0.043806512,P,0.1331,-0.018057012,0.131769928,0.134424513
0.043806512,P,0.1293,-0.015037216,0.128463527,0.130134807
0.043806512,P,0.1261,-0.012052639,0.124908401,0.127289257
0.043806512,P,0.1219,-0.009045037,0.120758943,0.123039718
0.043806512,P,0.1187,-0.006065624,0.117598018,0.119801374
0.043806512,P,0.1151,-0.003095023,0.11366441,0.116535297
0.043806512,P,0.1116,-0.000121539,0.110178459,0.113021543
0.043806512,C,0.1089,0.002797044,0.108184878,0.109615052
0.043806512,C,0.1056,0.005741422,0.104500119,0.10669911
0.043806512,C,0.1024,0.008674192,0.101631494,0.103167563
0.043806512,C,0.0997,0.011610635,0.098874043,0.100523845
0.043806512,C,0.0971,0.014543318,0.096186334,0.098009285
0.043806512,C,0.0947,0.017472606,0.093656437,0.095734702
0.043806512,C,0.093,0.020369638,0.092082734,0.093907463
0.043806512,C,0.0915,0.023274169,0.090387363,0.092593002
0.043806512,C,0.0908,0.026178507,0.08895258,0.09257868
0.043806512,C,0.0904,0.029043049,0.088653702,0.092070194
0.043806512,C,0.0908,0.031923931,0.088572206,0.092883261
0.043806512,C,0.0906,0.034793318,0.087615252,0.093285585
0.043806512,C,0.0912,0.037639214,0.088622984,0.093521056
0.043806512,C,0.0912,0.040496882,0.087577287,0.094269427
0.043806512,C,0.0928,0.043314652,0.088032773,0.096585972
0.043806512,C,0.0957,0.046149247,0.08582226,0.101963696
0.043806512,C,0.098,0.048974653,0.090473651,0.103181059
0.043806512,C,0.1029,0.051782508,0.09507143,0.108281742
0.062971861,P,0.3332,-0.239958383,0.321275275,0.342383607
0.062971861,P,0.2938,-0.202938121,0.27530231,0.306197503
0.062971861,P,0.2863,-0.184971186,0.270023486,0.298047836
0.062971861,P,0.2742,-0.170821827,0.262061839,0.283708764
0.062971861,P,0.2691,-0.167272441,0.257149943,0.278463977
0.062971861,P,0.2704,-0.163764813,0.260494811,0.278550514
0.062971861,P,0.263,-0.156842562,0.257249003,0.268117046
0.062971861,P,0.2552,-0.149897706,0.24709139,0.2620998
0.062971861,P,0.2494,-0.14302862,0.242388388,0.25551013
0.062971861,P,0.2467,-0.136239926,0.24102423,0.251805244
0.062971861,P,0.2413,-0.13282308,0.235723294,0.246317144
0.062971861,P,0.2393,-0.129452853,0.234203835,0.243936225
0.062971861,P,0.2344,-0.122745858,0.230052637,0.238421988
0.062971861,P,0.2272,-0.116027315,0.221967745,0.231975639
0.062971861,P,0.224,-0.112693737,0.219104837,0.22849912
0.062971861,P,0.2207,-0.109421982,0.216103229,0.224950534
0.062971861,P,0.2182,-0.106125202,0.215045951,0.221191484
0.062971861,P,0.2144,-0.102808106,0.211417701,0.217238052
0.062971861,P,0.2114,-0.099519703,0.207661967,0.214918801
0.062971861,P,0.2082,-0.096262647,0.205596507,0.210697426
0.062971861,P,0.2048,-0.093024611,0.201516676,0.207919337
0.062971861,P,0.2011,-0.089741842,0.198796909,0.203322569
0.062971861,P,0.198,-0.086510994,0.195849869,0.200081587
0.062971861,P,0.196,-0.08331338,0.194024632,0.197919841
0.062971861,P,0.1923,-0.080083856,0.190440312,0.194111435
0.062971861,P,0.1884,-0.076869661,0.186644895,0.190112916
0.062971861,P,0.1854,-0.073671317,0.183765147,0.186999486
0.062971861,P,0.1821,-0.070489018,0.180570588,0.183599446
0.062971861,P,0.179,-0.067323006,0.177091272,0.180864072
0.062971861,P,0.176,-0.064157894,0.174222057,0.177740831
0.062971861,P,0.1726,-0.060980433,0.170936805,0.174232021
0.062971861,P,0.1693,-0.057830882,0.168136299,0.170449068
0.062971861,P,0.1667,-0.054677324,0.16489324,0.168473912
0.062971861,P,0.1634,-0.051574904,0.161366568,0.165394167
0.062971861,P,0.16,-0.048465855,0.158094997,0.161872516
0.062971861,P,0.1568,-0.045366786,0.155614834,0.157973378
0.062971861,P,0.1536,-0.0422315,0.152491328,0.154699151
0.062971861,P,0.1505,-0.039130997,0.148939701,0.152043126
0.062971861,P,0.1475,-0.036086954,0.146036274,0.14895005
0.062971861,P,0.1448,-0.033022263,0.143427934,0.146161414
0.062971861,P,0.1415,-0.029970388,0.140206477,0.142785156
0.062971861,P,0.1388,-0.026913857,0.137988462,0.139608716
0.062971861,P,0.1357,-0.023835054,0.134932262,0.136465617
0.062971861,P,0.1325,-0.020838944,0.131404362,0.133592093
0.062971861,P,0.1295,-0.017809667,0.128455881,0.130541598
0.062971861,P,0.1267,-0.01478801,0.126034,0.127365244
0.062971861,P,0.1237,-0.011781963,0.122737914,0.124661011
0.062971861,P,0.1207,-0.00877938,0.119767996,0.121631401
0.062971861,P,0.1177,-0.005802929,0.117093659,0.118306221
0.062971861,P,0.1148,-0.002826132,0.113904964,0.11569497
0.062971861,C,0.1087,0.003053184,0.107508368,0.109891471
0.062971861,C,0.1059,0.005999548,0.104686763,0.107112531
0.062971861,C,0.1029,0.008944205,0.101645465,0.104152705
0.062971861,C,0.1006,0.011892955,0.099610992,0.101586856
0.062971861,C,0.0983,0.014825571,0.097240304,0.099355586
0.062971861,C,0.0964,0.017740323,0.095242675,0.097549901
0.062971861,C,0.0942,0.020620798,0.0929053,0.095481298
0.062971861,C,0.0924,0.023534966,0.091413658,0.093375611
0.062971861,C,0.0915,0.026448809,0.090642614,0.092346856
0.062971861,C,0.0901,0.029301028,0.089075318,0.091105473
0.062971861,C,0.0898,0.032214809,0.088566838,0.090999484
0.062971861,C,0.0894,0.03506375,0.087886376,0.090853458
0.062971861,C,0.0889,0.037930899,0.087639635,0.090110708
0.062971861,C,0.0893,0.040749703,0.086918828,0.091487724
0.062971861,C,0.0911,0.043642398,0.088246954,0.093659655
0.062971861,C,0.0896,0.046462479,0.085540637,0.09299587
0.062971861,C,0.0915,0.049298526,0.086554152,0.095447651
0.062971861,C,0.0927,0.052121953,0.086319951,0.097411661
0.062971861,C,0.0928,0.054874149,0.083497714,0.0986661
0.062971861,C,0.0992,0.057697967,0.08731506,0.106240535
0.08213721,P,0.3282,-0.258676429,0.321155501,0.334257045
0.08213721,P,0.2762,-0.202647174,0.267768088,0.283217727
0.08213721,P,0.2635,-0.184647408,0.254024502,0.271286657
0.08213721,P,0.2596,-0.177529327,0.251572932,0.266419014
0.08213721,P,0.2549,-0.170445548,0.247939448,0.260956094
0.08213721,P,0.2502,-0.166894648,0.243344189,0.256166065
0.08213721,P,0.2496,-0.163426553,0.24346393,0.255036043
0.08213721,P,0.2438,-0.156463713,0.238324917,0.248719505
0.08213721,P,0.2391,-0.149543648,0.23263189,0.244827306
0.08213721,P,0.2351,-0.14270402,0.229552992,0.240114778
0.08213721,P,0.229,-0.135858014,0.225319943,0.232442716
0.08213721,P,0.2275,-0.132492701,0.22293587,0.231714369
0.08213721,P,0.2246,-0.129090172,0.220294716,0.22859668
0.08213721,P,0.2184,-0.122334399,0.214540332,0.222015308
0.08213721,P,0.2135,-0.115708283,0.210113502,0.216704573
0.08213721,P,0.2114,-0.112330697,0.208254241,0.214392575
0.08213721,P,0.2092,-0.109069367,0.206261339,0.212008051
0.08213721,P,0.2053,-0.105756305,0.202482466,0.207997856
0.08213721,P,0.2026,-0.102438211,0.199953553,0.205143015
0.08213721,P,0.1997,-0.099135008,0.197206142,0.202103766
0.08213721,P,0.1978,-0.0958676,0.195483633,0.200041286
0.08213721,P,0.1946,-0.092659376,0.192402328,0.196731225
0.08213721,P,0.1921,-0.089366462,0.19004242,0.194101099
0.08213721,P,0.1899,-0.086132983,0.188463173,0.191310107
0.08213721,P,0.187,-0.082932071,0.185643418,0.188333422
0.08213721,P,0.1838,-0.079694974,0.18251619,0.185063611
0.08213721,P,0.1812,-0.076469432,0.179994236,0.182388617
0.08213721,P,0.1788,-0.073308569,0.17728741,0.18028685
0.08213721,P,0.1764,-0.070127717,0.174980821,0.177797547
0.08213721,P,0.173,-0.066946537,0.171653754,0.174327416
0.08213721,P,0.1706,-0.063754415,0.16933702,0.171847283
0.08213721,P,0.1679,-0.060594738,0.166710034,0.169076744
0.08213721,P,0.1655,-0.057473638,0.163816348,0.167158878
0.08213721,P,0.1627,-0.054341073,0.161642649,0.163748103
0.08213721,P,0.1605,-0.051190132,0.159006405,0.161976582
0.08213721,P,0.158,-0.04810317,0.157061302,0.158932449
0.08213721,P,0.1554,-0.044957617,0.154513116,0.156281759
0.08213721,P,0.1525,-0.041870969,0.151658493,0.153337268
0.08213721,P,0.1499,-0.038749142,0.149102782,0.150693785
0.08213721,P,0.1478,-0.035715797,0.147044066,0.148553197
0.08213721,P,0.1451,-0.032650357,0.144380266,0.145817541
0.08213721,P,0.1422,-0.02956885,0.141169125,0.143226958
0.08213721,P,0.1395,-0.026510006,0.13884351,0.140155136
0.08213721,P,0.137,-0.023496221,0.136055856,0.137941822
0.08213721,P,0.1344,-0.020444558,0.133795452,0.135003784
0.08213721,P,0.1318,-0.017409792,0.130925328,0.132673443
0.08213721,P,0.1289,-0.014401095,0.128052833,0.129746324
0.08213721,P,0.1262,-0.011409463,0.125650824,0.126748939
0.08213721,P,0.1233,-0.008417332,0.122494903,0.1241048
0.08213721,P,0.1212,-0.005425183,0.120145427,0.122254352
0.08213721,P,0.118,-0.002438661,0.116957154,0.119042801
0.08213721,C,0.1146,0.000324102,0.11304215,0.116157853
0.08213721,C,0.1127,0.003450784,0.11139619,0.114003641
0.08213721,C,0.1104,0.006404463,0.109607178,0.11119259
0.08213721,C,0.1081,0.009344594,0.107288145,0.108911302
0.08213721,C,0.1058,0.012281554,0.104958907,0.106639999
0.08213721,C,0.1034,0.015193928,0.102517175,0.104280849
0.08213721,C,0.1013,0.018119035,0.100673853,0.101924644
0.08213721,C,0.0995,0.021040841,0.098823973,0.100173537
0.08213721,C,0.0977,0.023942826,0.096958195,0.098437711
0.08213721,C,0.096,0.02683281,0.09517204,0.096821224
0.08213721,C,0.0945,0.029690023,0.093561083,0.095427838
0.08213721,C,0.0933,0.032564921,0.092490204,0.094099503
0.08213721,C,0.0927,0.035459299,0.091758877,0.093624402
0.08213721,C,0.0916,0.038294453,0.090855285,0.092332049
0.08213721,C,0.0906,0.041151707,0.089234269,0.091915874
0.08213721,C,0.0905,0.043982645,0.088851989,0.092065918
0.08213721,C,0.0897,0.046812961,0.086891758,0.092243201
0.08213721,C,0.0897,0.049694777,0.08615978,0.092782535
0.08213721,C,0.0892,0.052489021,0.085809798,0.092119181
0.08213721,C,0.0909,0.055263041,0.086922537,0.094217803
0.08213721,C,0.0907,0.058063028,0.083088749,0.096010024
0.08213721,C,0.0945,0.060894972,0.091031406,0.097422089
0.08213721,C,0.0982,0.063666498,0.094625847,0.101209236
0.08213721,C,0.1002,0.066488848,0.098269206,0.101949617
0.104040466,P,0.3541,-0.33646769,0.34191954,0.363453749
0.104040466,P,0.3298,-0.311589153,0.318356312,0.338593408
0.104040466,P,0.3218,-0.303419843,0.310599752,0.33040823
0.104040466,P,0.3496,-0.299449019,0.306825901,0.3716533
0.104040466,P,0.3138,-0.295261732,0.302843662,0.322222677
0.104040466,P,0.3142,-0.287277645,0.295242743,0.326839868
0.104040466,P,0.3102,-0.283301357,0.291453348,0.322701895
0.104040466,P,0.3062,-0.279328126,0.287664174,0.318563766
0.104040466,P,0.2982,-0.271391087,0.280086511,0.310287022
0.104040466,P,0.3021,-0.263553513,0.290287362,0.311259057
0.104040466,P,0.318,-0.259698425,0.298067723,0.332113241
0.104040466,P,0.2987,-0.255802066,0.293988611,0.302939112
0.104040466,P,0.3094,-0.251924987,0.289925937,0.323195761
0.104040466,P,0.2946,-0.248047566,0.285859076,0.301862335
0.104040466,P,0.2904,-0.24414782,0.281764843,0.297575401
0.104040466,P,0.2923,-0.236516132,0.262883885,0.309910594
0.104040466,P,0.2781,-0.232750511,0.269775457,0.285020067
0.104040466,P,0.2699,-0.22517252,0.261783286,0.276649201
0.104040466,P,0.258,-0.217655314,0.228451406,0.274018539
0.104040466,P,0.25,-0.210206174,0.221240708,0.265605646
0.104040466,P,0.2559,-0.206465843,0.241977904,0.266234253
0.104040466,P,0.2456,-0.202818742,0.214075043,0.262038784
0.104040466,P,0.2447,-0.19906383,0.210426992,0.261994058
0.104040466,P,0.2436,-0.195432612,0.220869575,0.257748392
0.104040466,P,0.2515,-0.191834532,0.217164747,0.27025295
0.104040466,P,0.2406,-0.188181507,0.222503196,0.253020537
0.104040466,P,0.2387,-0.184501537,0.218568294,0.252088814
0.104040466,P,0.2367,-0.180900805,0.221590973,0.247753424
0.104040466,P,0.2365,-0.17734064,0.223318694,0.246588026
0.104040466,P,0.2451,-0.173744753,0.232256602,0.255319865
0.104040466,P,0.2363,-0.170142284,0.231505364,0.240653469
0.104040466,P,0.2305,-0.166631154,0.220075049,0.23897726
0.104040466,P,0.2358,-0.163078483,0.219626725,0.24803016
0.104040466,P,0.2275,-0.159525011,0.215404073,0.237138935
0.104040466,P,0.2257,-0.156029255,0.214540956,0.234773161
0.104040466,P,0.2236,-0.152463139,0.216059021,0.230148444
0.104040466,P,0.2267,-0.149038891,0.214432418,0.23669181
0.104040466,P,0.2201,-0.145512613,0.212448496,0.226771623
0.104040466,P,0.2213,-0.142072154,0.210367144,0.230427596
0.104040466,P,0.2175,-0.138556987,0.213905064,0.220876994
0.104040466,P,0.212,-0.135090851,0.205533677,0.217775962
0.104040466,P,0.2116,-0.13171312,0.204853423,0.217627827
0.104040466,P,0.2106,-0.128206095,0.20361481,0.216844245
0.104040466,P,0.2081,-0.124868764,0.200716196,0.214672797
0.104040466,P,0.2066,-0.121425779,0.199046861,0.213331949
0.104040466,P,0.2043,-0.11805399,0.19720243,0.210682828
0.104040466,P,0.2017,-0.114609079,0.195010543,0.207763062
0.104040466,P,0.1996,-0.111257666,0.192728542,0.20582858
0.104040466,P,0.1973,-0.107923076,0.190268288,0.203675562
0.104040466,P,0.1953,-0.104603559,0.188716849,0.201321528
0.104040466,P,0.1943,-0.101212205,0.189683204,0.198647006
0.104040466,P,0.1905,-0.097908774,0.184663657,0.195914096
0.104040466,P,0.1878,-0.094576528,0.181390428,0.193715813
0.104040466,P,0.1854,-0.091312318,0.179772901,0.190654392
0.104040466,P,0.1838,-0.088002444,0.177772903,0.189419948
0.104040466,P,0.1791,-0.084695877,0.175494334,0.182555997
0.104040466,P,0.1794,-0.081432024,0.173718893,0.184745149
0.104040466,P,0.1773,-0.07817123,0.171629976,0.182649678
0.104040466,P,0.1741,-0.074946134,0.168693332,0.179222761
0.104040466,P,0.1729,-0.07170797,0.167854951,0.177712532
0.104040466,P,0.1707,-0.068427294,0.165400373,0.175756741
0.104040466,P,0.1683,-0.06521051,0.162769124,0.173580033
0.104040466,P,0.1661,-0.062008977,0.160870549,0.171117516
0.104040466,P,0.1623,-0.058837148,0.158671682,0.165828626
0.104040466,P,0.1616,-0.055611844,0.156908663,0.166141125
0.104040466,P,0.1581,-0.052440281,0.154847664,0.161283081
0.104040466,P,0.157,-0.049252097,0.152378662,0.161496051
0.104040466,P,0.1548,-0.0461142,0.150403708,0.159092255
0.104040466,P,0.1525,-0.04294624,0.147959201,0.156939963
0.104040466,P,0.1499,-0.039821153,0.146569216,0.153181334
0.104040466,P,0.1491,-0.036682062,0.147206193,0.150979926
0.104040466,P,0.1457,-0.033570017,0.14234767,0.149013443
0.104040466,P,0.144,-0.03046493,0.140787737,0.147181747
0.104040466,P,0.141,-0.027376413,0.138184999,0.143794802
0.104040466,P,0.1384,-0.024293798,0.135137397,0.141640006
0.104040466,P,0.1363,-0.021186798,0.133674176,0.138914147
0.104040466,P,0.134,-0.018112395,0.131197709,0.136792059
0.104040466,P,0.1315,-0.015072886,0.128771617,0.134221275
0.104040466,P,0.1293,-0.011999778,0.126635677,0.131959808
0.104040466,P,0.1268,-0.008952342,0.123948992,0.129647965
0.104040466,P,0.1247,-0.005934124,0.122125251,0.127273613
0.104040466,P,0.1221,-0.002900816,0.119086961,0.125112664
0.104040466,C,0.1182,0.000752895,0.115431986,0.120968012
0.104040466,C,0.1168,0.004100256,0.114251124,0.119348237
0.104040466,C,0.1149,0.007089031,0.112322523,0.117475382
0.104040466,C,0.1121,0.010041181,0.109950455,0.114246383
0.104040466,C,0.1097,0.013007245,0.107243036,0.112149564
0.104040466,C,0.1078,0.015936593,0.105505998,0.110083803
0.104040466,C,0.1061,0.01889119,0.103963428,0.108223548
0.104040466,C,0.104,0.021855511,0.102016105,0.105967962
0.104040466,C,0.1019,0.024779841,0.100684396,0.103107419
0.104040466,C,0.1016,0.027716394,0.099633394,0.103539744
0.104040466,C,0.0985,0.030609031,0.095193878,0.101706075
0.104040466,C,0.0971,0.033526385,0.093815225,0.100261967
0.104040466,C,0.096,0.036431883,0.092515001,0.09931784
0.104040466,C,0.0934,0.039347901,0.091508647,0.095228147
0.104040466,C,0.0926,0.042242342,0.089747038,0.095286975
0.104040466,C,0.0926,0.045087599,0.088514889,0.096310095
0.104040466,C,0.0925,0.04796118,0.087660086,0.096759196
0.104040466,C,0.0938,0.050869159,0.090899028,0.096467042
0.104040466,C,0.0939,0.05370287,0.090456108,0.096986253
0.104040466,C,0.0944,0.056569573,0.09031726,0.097948995
0.104040466,C,0.0956,0.059443459,0.09086056,0.099595715
0.104040466,C,0.0962,0.062253724,0.090518367,0.100776883
0.104040466,C,0.0971,0.065063946,0.08890574,0.103057015
0.104040466,C,0.0963,0.067906802,0.095044302,0.097481965
0.104040466,C,0.1032,0.070750692,0.095587522,0.108873618
0.104040466,C,0.1031,0.073532475,0.09088415,0.110660862
0.104040466,C,0.1078,0.076383852,0.098555237,0.114271741
0.104040466,C,0.1036,0.079148446,0.101667467,0.105349054
0.104040466,C,0.1048,0.081941272,0.100001799,0.108569936
0.104040466,C,0.1254,0.109414565,0.120498289,0.129200421
0.128681629,P,0.4174,-0.402814566,0.363628007,0.443965605
0.128681629,P,0.3965,-0.38089033,0.345111242,0.421925458
0.128681629,P,0.376,-0.359445898,0.326956694,0.400302862
0.128681629,P,0.3398,-0.317810318,0.291568716,0.363094833
0.128681629,P,0.3029,-0.266100345,0.282338017,0.317394617
0.128681629,P,0.2816,-0.258351462,0.266753459,0.292584366
0.128681629,P,0.2797,-0.239380231,0.248855902,0.298203269
0.128681629,P,0.262,-0.220672674,0.208044398,0.285179831
0.128681629,P,0.2542,-0.213288863,0.201622716,0.276825921
0.128681629,P,0.2498,-0.205971753,0.208340055,0.270747066
0.128681629,P,0.249,-0.202347725,0.213651026,0.268717102
0.128681629,P,0.2493,-0.198717952,0.216816804,0.268509619
0.128681629,P,0.2426,-0.191462833,0.215054272,0.260020798
0.128681629,P,0.2411,-0.187882661,0.216040947,0.257649707
0.128681629,P,0.2417,-0.184350942,0.220081977,0.256937161
0.128681629,P,0.2366,-0.177169968,0.215726018,0.251537746
0.128681629,P,0.2331,-0.170110804,0.216361479,0.245938531
0.128681629,P,0.229,-0.166633404,0.212494947,0.241665554
0.128681629,P,0.2282,-0.163096195,0.213161208,0.240075619
0.128681629,P,0.2264,-0.159609443,0.211312811,0.238354523
0.128681629,P,0.2237,-0.156129764,0.209313824,0.23523199
0.128681629,P,0.2217,-0.152713288,0.209057941,0.23212229
0.128681629,P,0.2195,-0.149253149,0.206712827,0.230049826
0.128681629,P,0.2178,-0.145790481,0.205839845,0.227821969
0.128681629,P,0.2154,-0.142404691,0.204766375,0.224494778
0.128681629,P,0.2145,-0.13893335,0.204680257,0.223036139
0.128681629,P,0.2113,-0.135584869,0.201816998,0.219584839
0.128681629,P,0.2096,-0.132223144,0.201279456,0.217006415
0.128681629,P,0.2071,-0.128777313,0.198049182,0.215094369
0.128681629,P,0.206,-0.125421856,0.198094073,0.213115586
0.128681629,P,0.2033,-0.122065197,0.195738847,0.210144916
0.128681629,P,0.2013,-0.118680077,0.194151933,0.207820328
0.128681629,P,0.1988,-0.115361961,0.196736802,0.200808653
0.128681629,P,0.1969,-0.112016067,0.190454431,0.202853948
0.128681629,P,0.1953,-0.108764669,0.189216626,0.200957579
0.128681629,P,0.1927,-0.105456435,0.186129738,0.198785901
0.128681629,P,0.1909,-0.102108594,0.185053804,0.196372759
0.128681629,P,0.1871,-0.098858327,0.183809357,0.190269654
0.128681629,P,0.1866,-0.09559527,0.180344879,0.192453902
0.128681629,P,0.184,-0.09232355,0.178024254,0.189617988
0.128681629,P,0.1818,-0.089058964,0.176701001,0.186645205
0.128681629,P,0.1805,-0.085829441,0.17514045,0.185593392
0.128681629,P,0.1784,-0.082591594,0.173300613,0.18326735
0.128681629,P,0.1761,-0.079367953,0.171235773,0.180760778
0.128681629,P,0.1741,-0.076178345,0.16899458,0.17899173
0.128681629,P,0.1718,-0.072952417,0.166475374,0.176902716
0.128681629,P,0.1702,-0.069784553,0.165571634,0.174669454
0.128681629,P,0.1679,-0.066606283,0.162654475,0.172952262
0.128681629,P,0.1658,-0.063460825,0.161181251,0.170276672
0.128681629,P,0.1649,-0.0603213,0.160148739,0.169512955
0.128681629,P,0.1625,-0.057129858,0.157948116,0.166932565
0.128681629,P,0.1599,-0.053972008,0.155529034,0.164167645
0.128681629,P,0.1578,-0.050872923,0.153608037,0.161903895
0.128681629,P,0.1554,-0.047768775,0.151995602,0.158750517
0.128681629,P,0.1539,-0.044664851,0.150637475,0.157117897
0.128681629,P,0.152,-0.04154226,0.148289677,0.155658506
0.128681629,P,0.1501,-0.038454186,0.146803762,0.153359754
0.128681629,P,0.1476,-0.035373665,0.144414601,0.150755036
0.128681629,P,0.1453,-0.032299939,0.142734692,0.147848055
0.128681629,P,0.1432,-0.029251131,0.140216854,0.146163161
0.128681629,P,0.1414,-0.026184231,0.138749796,0.14403706
0.128681629,P,0.1395,-0.023149885,0.136454172,0.142531695
0.128681629,P,0.137,-0.020133338,0.133800833,0.140186715
0.128681629,P,0.1349,-0.017085233,0.131999091,0.137793186
0.128681629,P,0.1329,-0.014078862,0.129839564,0.135954338
0.128681629,P,0.1306,-0.011056889,0.127593097,0.133603088
0.128681629,P,0.1288,-0.008080739,0.125835932,0.131762019
0.128681629,P,0.1267,-0.005105191,0.123557956,0.129841101
0.128681629,P,0.1242,-0.002107334,0.120663245,0.127736579
0.128681629,C,0.1202,0.000445113,0.117295359,0.123104666
0.128681629,C,0.1192,0.003773009,0.116287726,0.122111752
0.128681629,C,0.1174,0.006737085,0.114675058,0.120123351
0.128681629,C,0.1153,0.009657367,0.112750971,0.117845983
0.128681629,C,0.1133,0.012606125,0.111133586,0.115462452
0.128681629,C,0.1114,0.015511933,0.109175688,0.113617654
0.128681629,C,0.1096,0.018461369,0.107067377,0.112119799
0.128681629,C,0.1079,0.021366338,0.105500024,0.110283829
0.128681629,C,0.1059,0.024256057,0.103626917,0.108153369
0.128681629,C,0.1044,0.027151744,0.102526763,0.106255739
0.128681629,C,0.1023,0.030023103,0.099414634,0.105131867
0.128681629,C,0.1008,0.032909084,0.097669352,0.103852038
0.128681629,C,0.0994,0.035808581,0.096312364,0.102393718
0.128681629,C,0.0984,0.038643196,0.095377757,0.101314779
0.128681629,C,0.0973,0.041460301,0.093487399,0.100912279
0.128681629,C,0.0967,0.044318187,0.092408883,0.100700119
0.128681629,C,0.0965,0.047163361,0.093597327,0.09924886
0.128681629,C,0.0946,0.049985727,0.089844644,0.098884847
0.128681629,C,0.0938,0.052829786,0.087770535,0.098996179
0.128681629,C,0.0939,0.055615118,0.08686774,0.099722861
0.128681629,C,0.0933,0.058401339,0.084712368,0.099967374
0.128681629,C,0.0944,0.06118048,0.083707096,0.102117964
0.128681629,C,0.0952,0.064031564,0.083370682,0.103302298
0.128681629,C,0.0947,0.066778345,0.078812007,0.103988366
0.128681629,C,0.095,0.069597074,0.072214431,0.105433503
0.128681629,C,0.1084,0.094153926,0.094669527,0.116015452
0.180701862,P,0.3183,-0.384159529,0.293582276,0.333229014
0.180701862,P,0.3117,-0.362474264,0.295458742,0.323313426
0.180701862,P,0.3026,-0.341247799,0.298930941,0.30598036
0.180701862,P,0.2919,-0.320410993,0.288908377,0.294700193
0.180701862,P,0.2885,-0.316306209,0.285538023,0.291272549
0.180701862,P,0.2802,-0.300074832,0.277692659,0.282572575
0.180701862,P,0.2625,-0.291961313,0.227431492,0.279981507
0.180701862,P,0.2723,-0.288009799,0.224576177,0.293611139
0.180701862,P,0.2617,-0.284063993,0.235981973,0.277027983
0.180701862,P,0.2697,-0.280062768,0.265518844,0.273526676
0.180701862,P,0.2576,-0.276157645,0.229940351,0.273608755
0.180701862,P,0.2684,-0.2721989,0.236107054,0.28701983
0.180701862,P,0.2554,-0.268231317,0.240010819,0.266581531
0.180701862,P,0.2648,-0.264413847,0.236906308,0.282083456
0.180701862,P,0.2597,-0.260484961,0.256345473,0.262829333
0.180701862,P,0.2608,-0.256584819,0.236186782,0.276903911
0.180701862,P,0.2512,-0.252745764,0.237824272,0.261462622
0.180701862,P,0.2566,-0.248885703,0.23455242,0.271659231
0.180701862,P,0.2475,-0.245088275,0.235519686,0.256961105
0.180701862,P,0.2469,-0.241229727,0.235933799,0.255763147
0.180701862,P,0.2499,-0.237468059,0.244838752,0.254495257
0.180701862,P,0.2498,-0.233650118,0.232647549,0.262598423
0.180701862,P,0.2495,-0.22993463,0.245197917,0.253479224
0.180701862,P,0.2469,-0.226137756,0.231827598,0.258597551
0.180701862,P,0.2392,-0.222387896,0.231044214,0.246206243
0.180701862,P,0.2435,-0.21863428,0.230047202,0.254262034
0.180701862,P,0.239,-0.214931289,0.228911024,0.247474279
0.180701862,P,0.2398,-0.211271294,0.227648994,0.249758108
0.180701862,P,0.237,-0.207593248,0.228181081,0.244609206
0.180701862,P,0.2349,-0.203865378,0.226469239,0.242228194
0.180701862,P,0.2328,-0.200225313,0.224724877,0.239866492
0.180701862,P,0.2334,-0.19654617,0.224473995,0.241155062
0.180701862,P,0.229,-0.192896514,0.222440527,0.234894349
0.180701862,P,0.2299,-0.189284369,0.221820163,0.237034641
0.180701862,P,0.2249,-0.185667932,0.219588061,0.229776655
0.180701862,P,0.2266,-0.182093152,0.218646164,0.233663735
0.180701862,P,0.2228,-0.17848762,0.217477347,0.227705651
0.180701862,P,0.2228,-0.174891751,0.214957477,0.229798786
0.180701862,P,0.2211,-0.171395606,0.213624295,0.227817447
0.180701862,P,0.2197,-0.167843793,0.212079101,0.226550337
0.180701862,P,0.2177,-0.164305949,0.210406522,0.224294526
0.180701862,P,0.216,-0.160737044,0.208568027,0.222720704
0.180701862,P,0.2142,-0.15720179,0.206641914,0.221036346
0.180701862,P,0.2124,-0.153780022,0.205621222,0.218602828
0.180701862,P,0.2115,-0.150239559,0.20427819,0.21809127
0.180701862,P,0.2094,-0.146797773,0.202870438,0.215417897
0.180701862,P,0.2075,-0.143314506,0.200483475,0.213939925
0.180701862,P,0.2059,-0.139907041,0.198838652,0.212390865
0.180701862,P,0.2044,-0.136435907,0.197682218,0.210612996
0.180701862,P,0.2022,-0.133035333,0.195063668,0.208778464
0.180701862,P,0.2005,-0.129642674,0.193682507,0.206819054
0.180701862,P,0.1997,-0.126179128,0.193265487,0.205706042
0.180701862,P,0.1977,-0.122811273,0.191523453,0.203489545
0.180701862,P,0.1955,-0.119387589,0.189563809,0.201085581
0.180701862,P,0.1938,-0.116059084,0.187582182,0.199644939
0.180701862,P,0.1928,-0.112650486,0.187405687,0.197923199
0.180701862,P,0.1913,-0.109382271,0.189917418,0.19266475
0.180701862,P,0.1899,-0.10598869,0.184511235,0.195037208
0.180701862,P,0.1872,-0.102718156,0.181979769,0.192188256
0.180701862,P,0.1863,-0.099342265,0.180912336,0.191452959
0.180701862,P,0.1841,-0.09604958,0.178907147,0.189081055
0.180701862,P,0.1826,-0.09281877,0.177618927,0.187393976
0.180701862,P,0.1804,-0.089483637,0.175224291,0.185381001
0.180701862,P,0.1785,-0.086222152,0.173519311,0.183307403
0.180701862,P,0.1771,-0.082961165,0.172322994,0.181725456
0.180701862,P,0.1755,-0.079710016,0.170908077,0.179958732
0.180701862,P,0.1737,-0.076461564,0.169277497,0.178004977
0.180701862,P,0.1721,-0.073273591,0.167531502,0.176550005
0.180701862,P,0.1699,-0.070020605,0.165485932,0.174208868
0.180701862,P,0.1662,-0.066826687,0.163916606,0.168455696
0.180701862,P,0.1662,-0.063609035,0.162084909,0.170234167
0.180701862,P,0.1644,-0.060461265,0.160153105,0.168566382
0.180701862,P,0.1623,-0.057262658,0.159481367,0.165085352
0.180701862,P,0.1603,-0.054100067,0.157568756,0.163002263
0.180701862,P,0.1588,-0.050937453,0.156398006,0.161181518
0.180701862,P,0.1571,-0.047805199,0.154536358,0.15964242
0.180701862,P,0.1551,-0.044644544,0.152382468,0.157795916
0.180701862,P,0.1534,-0.041538477,0.150537762,0.156240776
0.180701862,P,0.1518,-0.038398025,0.149231488,0.154353255
0.180701862,P,0.15,-0.035296943,0.147287825,0.152697274
0.180701862,P,0.1473,-0.032187109,0.145466538,0.149127472
0.180701862,P,0.1462,-0.029103291,0.143813043,0.148578476
0.180701862,P,0.1442,-0.026021088,0.141863666,0.146529566
0.180701862,P,0.1427,-0.022952428,0.140410791,0.144983995
0.180701862,P,0.1413,-0.019903638,0.139427563,0.143169738
0.180701862,P,0.1394,-0.016860944,0.136635582,0.142160033
0.180701862,P,0.1375,-0.013803601,0.134593305,0.140403322
0.180701862,P,0.1355,-0.010771128,0.132628418,0.138369505
0.180701862,P,0.1336,-0.007774228,0.131111931,0.136087238
0.180701862,P,0.1316,-0.004744793,0.129130294,0.134069409
0.180701862,P,0.1303,-0.001850946,0.127139454,0.133460519
0.180701862,C,0.1267,0.001423825,0.124247634,0.129152367
0.180701862,C,0.1264,0.005043873,0.124116091,0.128683575
0.180701862,C,0.1245,0.0080062,0.122379805,0.126619394
0.180701862,C,0.1227,0.010953697,0.120559955,0.124838425
0.180701862,C,0.1209,0.013923647,0.118731016,0.123066156
0.180701862,C,0.1193,0.016853076,0.117092911,0.121502614
0.180701862,C,0.1174,0.019763811,0.114954922,0.119837145
0.180701862,C,0.116,0.022682454,0.113876127,0.118115697
0.180701862,C,0.1144,0.025641228,0.112405995,0.116384406
0.180701862,C,0.1129,0.028497382,0.110623898,0.115160055
0.180701862,C,0.1114,0.031399161,0.109240351,0.113541412
0.180701862,C,0.1098,0.034303114,0.10775757,0.111822124
0.180701862,C,0.1086,0.037231877,0.105715794,0.111435217
0.180701862,C,0.107,0.04011858,0.10392225,0.110010342
0.180701862,C,0.1039,0.045794885,0.100920031,0.106790739
0.180701862,C,0.1027,0.051529928,0.099185665,0.106054089
0.180701862,C,0.1019,0.054348427,0.098431917,0.105191332
0.180701862,C,0.1014,0.057236452,0.098007264,0.104603289
0.180701862,C,0.1008,0.062848945,0.098238882,0.103228174
0.180701862,C,0.0967,0.068431129,0.094242972,0.098995078
0.180701862,C,0.0984,0.074014093,0.092615507,0.103276074
0.180701862,C,0.0988,0.079550862,0.091181974,0.104738127
0.180701862,C,0.099,0.082407397,0.090897165,0.105128215
0.180701862,C,0.0999,0.085128877,0.089782423,0.107007266
0.180701862,C,0.101,0.090602882,0.086851528,0.109460176
0.180701862,C,0.1062,0.096127924,0.097351184,0.112566994
0.180701862,C,0.1448,0.174837484,0.139537001,0.148857829
0.257363259,P,0.3364,-0.449462259,0.284944696,0.359863607
0.257363259,P,0.3021,-0.403772816,0.28419732,0.314692392
0.257363259,P,0.2809,-0.381580379,0.244489515,0.298915222
0.257363259,P,0.2781,-0.372937514,0.239318995,0.296743113
0.257363259,P,0.2923,-0.364227352,0.248715155,0.314132009
0.257363259,P,0.2792,-0.359880428,0.255586757,0.294239737
0.257363259,P,0.2784,-0.355695471,0.252850435,0.294257979
0.257363259,P,0.2864,-0.347159158,0.254491224,0.305435089
0.257363259,P,0.2738,-0.338792368,0.254747017,0.287161817
0.257363259,P,0.2808,-0.330411248,0.258371122,0.296331515
0.257363259,P,0.2692,-0.322122877,0.256390331,0.279300338
0.257363259,P,0.2675,-0.318030045,0.256976602,0.2761399
0.257363259,P,0.2741,-0.313948208,0.254004862,0.2886209
0.257363259,P,0.2644,-0.305772559,0.254166247,0.27290843
0.257363259,P,0.2615,-0.297735176,0.253460963,0.26845665
0.257363259,P,0.2611,-0.289654395,0.251979838,0.268908229
0.257363259,P,0.2625,-0.281788425,0.250070342,0.272736894
0.257363259,P,0.256,-0.277796384,0.248879947,0.262313906
0.257363259,P,0.2544,-0.273804871,0.247576857,0.260486238
0.257363259,P,0.2561,-0.26600008,0.244807569,0.265618518
0.257363259,P,0.2496,-0.258234889,0.243227983,0.255359116
0.257363259,P,0.25,-0.250572566,0.241165065,0.257759512
0.257363259,P,0.2451,-0.242890573,0.238607068,0.250995642
0.257363259,P,0.2429,-0.239080663,0.236595287,0.248642471
0.257363259,P,0.2438,-0.235312262,0.235724097,0.251008409
0.257363259,P,0.2381,-0.227751813,0.232494212,0.243272257
0.257363259,P,0.2352,-0.220311622,0.229046611,0.240848658
0.257363259,P,0.2344,-0.212856572,0.226216259,0.241757694
0.257363259,P,0.2307,-0.205481396,0.223067082,0.23762459
0.257363259,P,0.2299,-0.201854698,0.222229703,0.236871544
0.257363259,P,0.2278,-0.198124347,0.220372279,0.234576546
0.257363259,P,0.2253,-0.190914555,0.217391212,0.232501342
0.257363259,P,0.2192,-0.183646767,0.213978411,0.2241028
0.257363259,P,0.2187,-0.176469509,0.210939642,0.22581948
0.257363259,P,0.2159,-0.169352157,0.208725699,0.22254527
0.257363259,P,0.2144,-0.165857712,0.207484874,0.220831866
0.257363259,P,0.2128,-0.162365697,0.206125992,0.219031239
0.257363259,P,0.2097,-0.155312503,0.203000565,0.215971717
0.257363259,P,0.2067,-0.148341789,0.200469954,0.212575282
0.257363259,P,0.2037,-0.141402249,0.197473248,0.209589356
0.257363259,P,0.2007,-0.134528657,0.194895625,0.206225255
0.257363259,P,0.1991,-0.131157457,0.192713547,0.205158467
0.257363259,P,0.1973,-0.127707303,0.191117527,0.203182191
0.257363259,P,0.1946,-0.120993133,0.189180466,0.199801906
0.257363259,P,0.1917,-0.114276572,0.185982899,0.197190951
0.257363259,P,0.188,-0.107560688,0.182312315,0.193476927
0.257363259,P,0.1853,-0.100891758,0.179976322,0.190453195
0.257363259,P,0.1838,-0.097608688,0.178638282,0.188807689
0.257363259,P,0.1822,-0.094352879,0.177189074,0.187071418
0.257363259,P,0.179,-0.087764646,0.174277842,0.183608704
0.257363259,P,0.1761,-0.081289227,0.171407803,0.180691041
0.257363259,P,0.173,-0.07477882,0.168339436,0.177571298
0.257363259,P,0.169,-0.068354599,0.166052767,0.171914998
0.257363259,P,0.1675,-0.065134866,0.164628942,0.170342506
0.257363259,P,0.1657,-0.061958832,0.162696397,0.168674393
0.257363259,P,0.163,-0.055623528,0.160332933,0.165647533
0.257363259,P,0.1596,-0.049296134,0.156867143,0.162315689
0.257363259,P,0.1565,-0.043039893,0.153530015,0.159453594
0.257363259,P,0.1537,-0.036804999,0.151181339,0.156209558
0.257363259,P,0.1524,-0.033727518,0.149926481,0.15486596
0.257363259,P,0.1507,-0.03063438,0.148105011,0.153287897
0.257363259,P,0.1475,-0.024462382,0.145140274,0.14985575
0.257363259,P,0.1443,-0.018340897,0.141692804,0.146904304
0.257363259,P,0.1411,-0.012295363,0.138394035,0.143804501
0.257363259,P,0.1384,-0.006242296,0.135880059,0.140919635
0.257363259,P,0.1366,-0.003221546,0.134238825,0.138961136
0.257363259,P,0.1357,-0.000255344,0.132756153,0.138643921
0.257363259,C,0.1327,0.00641023,0.130194583,0.135205042
0.257363259,C,0.1302,0.012301783,0.127818071,0.132580465
0.257363259,C,0.127,0.018218594,0.124721695,0.129275082
0.257363259,C,0.124,0.024040491,0.122120902,0.125874975
0.257363259,C,0.1226,0.026950868,0.120683402,0.124511016
0.257363259,C,0.1211,0.029892294,0.118974037,0.123217196
0.257363259,C,0.1184,0.035654359,0.116671494,0.12011968
0.257363259,C,0.116,0.041348134,0.113961588,0.118020903
0.257363259,C,0.1132,0.047106181,0.110153842,0.116191991
0.257363259,C,0.1115,0.052829243,0.108357369,0.114567192
0.257363259,C,0.1099,0.055644669,0.106794184,0.112920727
0.257363259,C,0.1093,0.058440805,0.105748084,0.112728012
0.257363259,C,0.1076,0.064081412,0.104114743,0.110936088
0.257363259,C,0.1063,0.06962652,0.10259322,0.109802675
0.257363259,C,0.1053,0.075255438,0.101739024,0.108636455
0.257363259,C,0.1045,0.080759184,0.100979453,0.107764541
0.257363259,C,0.1042,0.083567665,0.100597157,0.107515362
0.257363259,C,0.1037,0.086271672,0.099707802,0.107316089
0.257363259,C,0.1035,0.091787077,0.098614618,0.107765349
0.257363259,C,0.1042,0.097302486,0.098300978,0.109140019
0.257363259,C,0.1042,0.102667754,0.096140644,0.110405859
0.257363259,C,0.1052,0.108096383,0.096033918,0.111896762
0.257363259,C,0.1051,0.110804505,0.094442672,0.112415308
0.257363259,C,0.1059,0.113380355,0.09415847,0.113627679
0.257363259,C,0.1073,0.118731083,0.092323872,0.116017586
0.257363259,C,0.1081,0.124083502,0.08582096,0.118107084
0.257363259,C,0.1436,0.175735843,0.130575307,0.151992241
0.257363259,C,0.1732,0.22485341,0.146816397,0.185665901
0.353190004,P,0.4738,-0.878544626,0.458869705,0.485197633
0.353190004,P,0.4145,-0.744449094,0.391738412,0.42951472
0.353190004,P,0.3823,-0.683453005,0.36116335,0.396253029
0.353190004,P,0.3702,-0.626126166,0.35199139,0.38314531
0.353190004,P,0.3594,-0.598439843,0.337332469,0.374146642
0.353190004,P,0.3444,-0.571702431,0.305014589,0.36440259
0.353190004,P,0.3404,-0.545686898,0.320893578,0.354068425
0.353190004,P,0.3314,-0.520276697,0.306940248,0.347344568
0.353190004,P,0.3168,-0.495464849,0.26655471,0.339205499
0.353190004,P,0.3094,-0.471237164,0.279944799,0.327151969
0.353190004,P,0.2991,-0.447629909,0.280731383,0.312231368
0.353190004,P,0.2961,-0.424395433,0.281148544,0.307617756
0.353190004,P,0.2871,-0.401947796,0.27759627,0.29512145
0.353190004,P,0.2866,-0.397448597,0.277665,0.29423284
0.353190004,P,0.2815,-0.379761709,0.273971974,0.28811379
0.353190004,P,0.2784,-0.358147577,0.269958152,0.285788241
0.353190004,P,0.2716,-0.337056406,0.265346521,0.277282229
0.353190004,P,0.2657,-0.316291614,0.25875106,0.27198796
0.353190004,P,0.2597,-0.296022991,0.254940996,0.26415847
0.353190004,P,0.2534,-0.276216953,0.244733825,0.261169559
0.353190004,P,0.2469,-0.256693432,0.239985149,0.253268356
0.353190004,P,0.2386,-0.237477793,0.230099617,0.246326362
0.353190004,P,0.2314,-0.218807202,0.224132237,0.238131827
0.353190004,P,0.2245,-0.200377531,0.217360154,0.231161518
0.353190004,P,0.2153,-0.182241718,0.209831769,0.220500361
0.353190004,P,0.2126,-0.164431201,0.20838261,0.216680485
0.353190004,P,0.2027,-0.146953734,0.196869162,0.208291619
0.353190004,P,0.2001,-0.14010018,0.194022444,0.205931857
0.353190004,P,0.1955,-0.129807537,0.189880289,0.200925252
0.353190004,P,0.1869,-0.112923833,0.183290116,0.19043939
0.353190004,P,0.1838,-0.099663299,0.178519277,0.188957639
0.353190004,P,0.1836,-0.096367148,0.179862774,0.187278997
0.353190004,P,0.1759,-0.080020347,0.173785187,0.178000084
0.353190004,P,0.1678,-0.063894083,0.165078496,0.170503606
0.353190004,P,0.1665,-0.060717191,0.163829503,0.169154565
0.353190004,P,0.1651,-0.057562513,0.162167778,0.168014525
0.353190004,P,0.1637,-0.054393067,0.160971262,0.166414694
0.353190004,P,0.1624,-0.051281167,0.159418357,0.165366388
0.353190004,P,0.1609,-0.048126711,0.157966825,0.163819808
0.353190004,P,0.1556,-0.035594517,0.15283743,0.158355424
0.353190004,P,0.1542,-0.032518211,0.151336278,0.157057149
0.353190004,P,0.1474,-0.017231938,0.144293381,0.150504212
0.353190004,P,0.146,-0.014184635,0.142917071,0.149081312
0.353190004,P,0.1448,-0.011134291,0.141865099,0.147734015
0.353190004,P,0.1435,-0.008125834,0.14045407,0.14654546
0.353190004,P,0.1421,-0.005096776,0.139067166,0.145132713
0.353190004,P,0.1409,-0.002132785,0.1381283,0.14367176
0.353190004,C,0.1379,0.000773224,0.135512207,0.140287859
0.353190004,C,0.1377,0.004474341,0.134934248,0.140465679
0.353190004,C,0.137,0.007434575,0.134860208,0.139139569
0.353190004,C,0.135,0.010396547,0.132096765,0.137902287
0.353190004,C,0.1346,0.013362871,0.132191721,0.137007145
0.353190004,C,0.1332,0.016294171,0.131032589,0.135365973
0.353190004,C,0.1319,0.019167748,0.129587952,0.134209689
0.353190004,C,0.1306,0.022152972,0.128395567,0.132801461
0.353190004,C,0.1295,0.025065171,0.127139798,0.13185571
0.353190004,C,0.1275,0.027953671,0.124574179,0.130416802
0.353190004,C,0.127,0.030827841,0.124707581,0.129285593
0.353190004,C,0.1262,0.033719324,0.123869293,0.128522095
0.353190004,C,0.1251,0.036641703,0.122863822,0.127326562
0.353190004,C,0.1241,0.039493174,0.121816455,0.126371611
0.353190004,C,0.1228,0.042392511,0.120606613,0.124980294
0.353190004,C,0.1205,0.048068371,0.118182493,0.122797645
0.353190004,C,0.1188,0.053736285,0.116331185,0.121239492
0.353190004,C,0.117,0.056650046,0.113383894,0.120543439
0.353190004,C,0.1159,0.059393409,0.112316367,0.119403104
0.353190004,C,0.1148,0.065058203,0.111099778,0.118394811
0.353190004,C,0.113,0.070630817,0.110000085,0.115914306
0.353190004,C,0.1121,0.07619459,0.108288004,0.115749421
0.353190004,C,0.1106,0.084487587,0.1072078,0.113828348
0.353190004,C,0.1093,0.098105238,0.10600143,0.112385679
0.353190004,C,0.1083,0.111540937,0.10404445,0.112104253
0.353190004,C,0.1103,0.124910304,0.106006447,0.114058972
0.353190004,C,0.1124,0.138075491,0.105576236,0.117799596
0.353190004,C,0.1153,0.150972178,0.110947964,0.118973677
0.353190004,C,0.1181,0.163712678,0.100430132,0.127419262
0.353190004,C,0.1196,0.176484615,0.107398563,0.12692362
0.353190004,C,0.1327,0.188965849,0.122556191,0.139678362
0.353190004,C,0.1296,0.20132442,0.12576256,0.132787898
0.353190004,C,0.1325,0.213510643,0.127338336,0.13650094
0.353190004,C,0.1337,0.225461305,0.125645681,0.139069199
0.380569074,P,0.3516,-0.568123917,0.292115284,0.377160041
0.380569074,P,0.3132,-0.467973069,0.275520628,0.334641802
0.380569074,P,0.3054,-0.444461411,0.273859797,0.325044032
0.380569074,P,0.2989,-0.421646629,0.276197558,0.315016069
0.380569074,P,0.2919,-0.399096586,0.273631757,0.305811232
0.380569074,P,0.2853,-0.377101638,0.270459286,0.297252148
0.380569074,P,0.2788,-0.355681731,0.266585374,0.289074791
0.380569074,P,0.2705,-0.334656994,0.260664663,0.279075635
0.380569074,P,0.2641,-0.313939208,0.256403995,0.271043254
0.380569074,P,0.2584,-0.29372803,0.25113632,0.265030023
0.380569074,P,0.2513,-0.274046425,0.244352092,0.257694863
0.380569074,P,0.2435,-0.254566203,0.23748591,0.24911567
0.380569074,P,0.2363,-0.23560469,0.230567931,0.241690522
0.380569074,P,0.2291,-0.216843173,0.224141615,0.23381817
0.380569074,P,0.2207,-0.198519558,0.217144392,0.224138019
0.380569074,P,0.213,-0.180564219,0.210232904,0.21570096
0.380569074,P,0.2087,-0.162813089,0.204227567,0.213024456
0.380569074,P,0.2023,-0.145435338,0.198121651,0.206364565
0.380569074,P,0.1948,-0.128313797,0.190628916,0.19887191
0.380569074,P,0.1886,-0.111549835,0.184908723,0.192226234
0.380569074,P,0.1816,-0.09500607,0.178111403,0.185041234
0.380569074,P,0.1748,-0.078796708,0.172649985,0.17693606
0.380569074,P,0.1681,-0.062788384,0.16583865,0.170350331
0.380569074,P,0.1618,-0.047014549,0.1598546,0.163740281
0.380569074,P,0.1551,-0.031532138,0.152886467,0.157310179
0.380569074,P,0.1484,-0.016269284,0.146039096,0.150759797
0.380569074,P,0.142,-0.001251561,0.139815385,0.144184673
0.380569074,C,0.1357,0.01349776,0.13301466,0.138384052
0.380569074,C,0.1298,0.028063582,0.127891088,0.131705514
0.380569074,C,0.1244,0.0424465,0.122736645,0.12605661
0.380569074,C,0.1221,0.04816131,0.120206192,0.123981912
0.380569074,C,0.1193,0.056608706,0.117389645,0.12119246
0.380569074,C,0.1148,0.070621442,0.112467144,0.117086673
0.380569074,C,0.1116,0.084408349,0.109092809,0.114025261
0.380569074,C,0.1096,0.098079762,0.106181113,0.112807863
0.380569074,C,0.1089,0.111503885,0.104571313,0.112799588
0.380569074,C,0.11,0.124631696,0.105006166,0.114326203
0.380569074,C,0.1104,0.137805289,0.101545757,0.117021347
0.380569074,C,0.1121,0.150619859,0.096700665,0.1211427
0.380569074,C,0.1152,0.163363075,0.090457745,0.125795778
0.4298514,P,0.4061,-0.807956382,0.383934174,0.42071235
0.4298514,P,0.3943,-0.7433083,0.354587699,0.415273205
0.4298514,P,0.3684,-0.68240416,0.326913062,0.389401471
0.4298514,P,0.3432,-0.625064309,0.30082031,0.363929083
0.4298514,P,0.3325,-0.597510645,0.288264638,0.353511807
0.4298514,P,0.3217,-0.570756509,0.276060251,0.342847124
0.4298514,P,0.3108,-0.544663142,0.264143115,0.331963266
0.4298514,P,0.3194,-0.51930911,0.306642231,0.329622642
0.4298514,P,0.3165,-0.494453179,0.312601606,0.320143763
0.4298514,P,0.3025,-0.470406902,0.283715471,0.316345164
0.4298514,P,0.2962,-0.446659334,0.28248282,0.307194226
0.4298514,P,0.2888,-0.423586321,0.280429576,0.29610708
0.4298514,P,0.2828,-0.401085331,0.275875092,0.289011979
0.4298514,P,0.2762,-0.379063807,0.271041641,0.28096814
0.4298514,P,0.2696,-0.357495473,0.264655174,0.274199789
0.4298514,P,0.2659,-0.336283018,0.258080369,0.272947086
0.4298514,P,0.2589,-0.315635933,0.252184861,0.265062084
0.4298514,P,0.2538,-0.295341995,0.244992431,0.261737732
0.4298514,P,0.2497,-0.275487943,0.243535415,0.25546186
0.4298514,P,0.241,-0.256046507,0.233441239,0.247983136
0.4298514,P,0.2341,-0.236903061,0.226612311,0.2410572
0.4298514,P,0.2272,-0.21814712,0.219464535,0.234408738
0.4298514,P,0.2201,-0.1997297,0.21331502,0.226506727
0.4298514,P,0.2138,-0.18159386,0.206952491,0.220298382
0.4298514,P,0.2126,-0.178023005,0.205634667,0.219212135
0.4298514,P,0.2061,-0.163825972,0.200827569,0.211181663
0.4298514,P,0.1993,-0.14640324,0.194625273,0.203841313
0.4298514,P,0.1947,-0.129257518,0.18849268,0.200711241
0.4298514,P,0.1881,-0.112413427,0.182163208,0.193885517
0.4298514,P,0.1817,-0.095794178,0.1773622,0.185972156
0.4298514,P,0.1752,-0.079447948,0.171864406,0.178505679
0.4298514,P,0.1691,-0.063437086,0.165897236,0.172283201
0.4298514,P,0.163,-0.047646125,0.160154168,0.165836128
0.4298514,P,0.1568,-0.032082194,0.153996555,0.159598702
0.4298514,P,0.1504,-0.016756276,0.147596772,0.153201846
0.4298514,P,0.1437,-0.001683861,0.140844056,0.146556052
0.4298514,C,0.1377,0.01373303,0.134947731,0.140451108
0.4298514,C,0.1364,0.016681446,0.133981108,0.138817486
0.4298514,C,0.1354,0.019619966,0.132619645,0.13817768
0.4298514,C,0.1339,0.022480653,0.131216585,0.136579995
0.4298514,C,0.133,0.025451933,0.130293608,0.135701811
0.4298514,C,0.1318,0.028325972,0.129066606,0.134527419
0.4298514,C,0.1306,0.03122773,0.127955085,0.133237904
0.4298514,C,0.1294,0.034162824,0.12671933,0.13207179
0.4298514,C,0.1285,0.036994466,0.125656918,0.131331109
0.4298514,C,0.1273,0.03991148,0.124534424,0.130052001
0.4298514,C,0.1262,0.042753749,0.123383535,0.128999878
0.4298514,C,0.1213,0.056992428,0.118560269,0.124008389
0.4298514,C,0.1168,0.071014841,0.113022698,0.120475087
0.4298514,C,0.1137,0.084802036,0.109855314,0.117383305
0.4298514,C,0.1118,0.098495901,0.108212745,0.115190465
0.4298514,C,0.1105,0.111873436,0.106797357,0.113927958
0.4298514,C,0.1102,0.125203527,0.106396057,0.113645402
0.4298514,C,0.1127,0.151223375,0.104669197,0.118853457
0.4298514,C,0.116,0.176752517,0.104743658,0.123265107
0.4298514,C,0.1315,0.201465203,0.122945579,0.137772837
0.4298514,C,0.1393,0.225709681,0.121317811,0.148985779
0.602339542,P,0.4218,-1.0275974,0.408628179,0.431849639
0.602339542,P,0.3632,-0.803721166,0.322798503,0.383600408
0.602339542,P,0.3567,-0.770914776,0.310216784,0.378669351
0.602339542,P,0.3519,-0.739108247,0.326785366,0.368196249
0.602339542,P,0.3325,-0.708283074,0.286180754,0.353860833
0.602339542,P,0.3272,-0.678245068,0.290735308,0.346859189
0.602339542,P,0.3227,-0.649382227,0.297168074,0.339142841
0.602339542,P,0.3182,-0.621101825,0.301457024,0.330709603
0.602339542,P,0.316,-0.593526789,0.300380523,0.328076793
0.602339542,P,0.3117,-0.566910571,0.299325906,0.32184596
0.602339542,P,0.3084,-0.540823265,0.297639751,0.317527123
0.602339542,P,0.3013,-0.515447465,0.292049943,0.309346609
0.602339542,P,0.2954,-0.490665336,0.288257184,0.30183034
0.602339542,P,0.2912,-0.466469048,0.28412122,0.297614463
0.602339542,P,0.287,-0.442894026,0.277645377,0.295285005
0.602339542,P,0.28,-0.419967071,0.2713587,0.287747338
0.602339542,P,0.2719,-0.39736566,0.26647495,0.276967063
0.602339542,P,0.2692,-0.375349205,0.259849098,0.277607136
0.602339542,P,0.2635,-0.35373318,0.25536314,0.27094868
0.602339542,P,0.2578,-0.332617388,0.250677689,0.264417548
0.602339542,P,0.2516,-0.311994391,0.243098347,0.259426573
0.602339542,P,0.246,-0.291773239,0.238121522,0.253330625
0.602339542,P,0.24,-0.271858365,0.231970697,0.247495624
0.602339542,P,0.2343,-0.252432829,0.226856986,0.241314324
0.602339542,P,0.2284,-0.233398859,0.221197377,0.235230011
0.602339542,P,0.2224,-0.214646697,0.215444755,0.229035185
0.602339542,P,0.2169,-0.196267773,0.209993675,0.223520647
0.602339542,P,0.2108,-0.178162929,0.204153679,0.217207627
0.602339542,P,0.2052,-0.160382169,0.198638915,0.21155589
0.602339542,P,0.1996,-0.143012593,0.193296112,0.205739518
0.602339542,P,0.1938,-0.12580817,0.187729102,0.199741539
0.602339542,P,0.1868,-0.109002978,0.183114399,0.190445298
0.602339542,P,0.1816,-0.092450463,0.17793546,0.18523334
0.602339542,P,0.1762,-0.076105751,0.172783041,0.179596854
0.602339542,P,0.171,-0.060071358,0.167343303,0.174641079
0.602339542,P,0.1652,-0.044286277,0.161833168,0.168558942
0.602339542,P,0.1599,-0.028755527,0.156467664,0.163328665
0.602339542,P,0.1543,-0.013439532,0.151161251,0.157438174
0.602339542,C,0.1475,0.001070866,0.144214007,0.150786227
0.602339542,C,0.1441,0.016928,0.140895768,0.147302823
0.602339542,C,0.1391,0.031556024,0.135915526,0.142278466
0.602339542,C,0.1344,0.045929881,0.131580927,0.137207808
0.602339542,C,0.1297,0.060120111,0.126883339,0.132495148
0.602339542,C,0.126,0.074053284,0.12387837,0.128101415
0.602339542,C,0.122,0.087897197,0.118098979,0.125796501
0.602339542,C,0.1195,0.101522034,0.115745343,0.123118412
0.602339542,C,0.1174,0.114988651,0.113444476,0.121153824
0.602339542,C,0.1159,0.128228211,0.11200659,0.11954413
0.602339542,C,0.1153,0.141454114,0.111358278,0.118930679
0.602339542,C,0.1151,0.154383369,0.110432197,0.11926114
0.602339542,C,0.115,0.167090102,0.109700032,0.11955785
0.602339542,C,0.1178,0.17979991,0.113881721,0.121269869
0.602339542,C,0.1169,0.192199685,0.107360514,0.123826689
0.602339542,C,0.119,0.204562152,0.108901899,0.126057664
0.602339542,C,0.1279,0.228568941,0.12160929,0.132875316
0.626980705,P,0.3418,-0.675424455,0.302229011,0.364132459
0.626980705,P,0.3264,-0.61838442,0.302298166,0.343197073
0.626980705,P,0.3222,-0.590888604,0.302137593,0.33716797
0.626980705,P,0.315,-0.564305624,0.299111853,0.327598572
0.626980705,P,0.3099,-0.53820197,0.295975492,0.321333771
0.626980705,P,0.3032,-0.513051453,0.291257533,0.31331408
0.626980705,P,0.2978,-0.488305388,0.287722849,0.306597352
0.626980705,P,0.2914,-0.464187144,0.282685292,0.299172931
0.626980705,P,0.2859,-0.440749603,0.278409904,0.29271362
0.626980705,P,0.2801,-0.417760417,0.273599733,0.286106286
0.626980705,P,0.274,-0.395232574,0.267651287,0.279895968
0.626980705,P,0.2677,-0.373323884,0.262101272,0.272958267
0.626980705,P,0.262,-0.351748332,0.256577348,0.267118753
0.626980705,P,0.2555,-0.330795994,0.250219181,0.260504913
0.626980705,P,0.2497,-0.31011677,0.244625672,0.254533332
0.626980705,P,0.2444,-0.289914537,0.239558241,0.249036244
0.626980705,P,0.2384,-0.27011332,0.234072313,0.242573112
0.626980705,P,0.2323,-0.250645292,0.228134834,0.236331447
0.626980705,P,0.2269,-0.231703756,0.222914116,0.230773187
0.626980705,P,0.2211,-0.213060522,0.217049221,0.225044227
0.626980705,P,0.2157,-0.194733599,0.211838279,0.219474315
0.626980705,P,0.2095,-0.17665702,0.20579909,0.213128613
0.626980705,P,0.2042,-0.158990726,0.200833393,0.207514109
0.626980705,P,0.1986,-0.141608922,0.195208415,0.201945586
0.626980705,P,0.1932,-0.124522262,0.190083178,0.196284134
0.626980705,P,0.1875,-0.107680248,0.18435432,0.190618437
0.626980705,P,0.182,-0.09119436,0.17931861,0.184665861
0.626980705,P,0.1765,-0.07493503,0.173874668,0.179114339
0.626980705,P,0.1713,-0.05894562,0.169038834,0.173555679
0.626980705,P,0.1658,-0.043164888,0.163646879,0.167950222
0.626980705,P,0.1606,-0.027713753,0.158133586,0.163064769
0.626980705,P,0.1552,-0.012440721,0.152894587,0.157505191
0.626980705,C,0.1488,0.001772425,0.14690386,0.150696218
0.626980705,C,0.1448,0.017380238,0.142800239,0.146799217
0.626980705,C,0.1396,0.031927802,0.137455574,0.141741781
0.626980705,C,0.1355,0.046325619,0.133767065,0.137228876
0.626980705,C,0.1308,0.060450277,0.128939167,0.132651926
0.626980705,C,0.1269,0.074413277,0.125209648,0.128578146
0.626980705,C,0.1235,0.088249916,0.121439126,0.125533309
0.626980705,C,0.1208,0.101845567,0.118712698,0.122847256
0.626980705,C,0.1184,0.115257328,0.116272893,0.120470916
0.626980705,C,0.1169,0.128481311,0.11452126,0.119189003
0.626980705,C,0.1161,0.141589251,0.113113917,0.11891419
0.626980705,C,0.1159,0.154484653,0.112498239,0.119040008
0.626980705,C,0.1157,0.167229576,0.111525131,0.119424978
0.626980705,C,0.1164,0.179869893,0.11097565,0.121000576
0.851489079,P,0.5003,-1.428782817,0.473740628,0.517762277
0.851489079,P,0.4883,-1.310743668,0.475952061,0.498469577
0.851489079,P,0.4811,-1.205167152,0.450106821,0.50194733
0.851489079,P,0.4524,-1.109807792,0.424428357,0.471734795
0.851489079,P,0.4184,-1.022593687,0.374460529,0.443033267
0.851489079,P,0.3893,-0.942404773,0.316316851,0.418461777
0.851489079,P,0.3622,-0.868219087,0.341831974,0.376888802
0.851489079,P,0.3445,-0.798953902,0.325429748,0.358567894
0.851489079,P,0.3466,-0.734430961,0.343177774,0.349853539
0.851489079,P,0.3269,-0.673840525,0.318685147,0.334200107
0.851489079,P,0.316,-0.616393752,0.310548767,0.321062221
0.851489079,P,0.301,-0.562379537,0.292930457,0.308271296
0.851489079,P,0.3006,-0.53626154,0.289347719,0.310470019
0.851489079,P,0.2958,-0.510973252,0.286037883,0.304550814
0.851489079,P,0.2873,-0.486212703,0.281456405,0.292770635
0.851489079,P,0.2882,-0.476444923,0.280028148,0.295691657
0.851489079,P,0.2847,-0.462127571,0.277074448,0.29174345
0.851489079,P,0.2781,-0.438503559,0.268824576,0.286553548
0.851489079,P,0.273,-0.415440721,0.263909115,0.28133741
0.851489079,P,0.2672,-0.393022497,0.25825996,0.275441136
0.851489079,P,0.2616,-0.370844045,0.253229748,0.269384249
0.851489079,P,0.256,-0.349316085,0.247511337,0.263916536
0.851489079,P,0.2506,-0.328359236,0.242363264,0.258326594
0.851489079,P,0.2451,-0.307623576,0.237382746,0.252394241
0.851489079,P,0.2399,-0.287503001,0.232195529,0.247210376
0.851489079,P,0.2347,-0.26768483,0.227475819,0.241601453
0.851489079,P,0.2294,-0.24814546,0.222223365,0.236282554
0.851489079,P,0.2241,-0.229119487,0.216988549,0.23094653
0.851489079,P,0.2191,-0.210422969,0.212245099,0.225731857
0.851489079,P,0.2139,-0.191968,0.207131612,0.220473323
0.851489079,P,0.209,-0.173949651,0.202327521,0.215505174
0.851489079,P,0.204,-0.156172092,0.197549856,0.21031429
0.851489079,P,0.1983,-0.138714159,0.193701647,0.202838705
0.851489079,P,0.1928,-0.121671798,0.188818892,0.196743643
0.851489079,P,0.188,-0.104791231,0.184046638,0.191923859
0.851489079,P,0.1832,-0.088304444,0.179460128,0.186919685
0.851489079,P,0.1785,-0.072008181,0.174942848,0.182044126
0.851489079,P,0.1757,-0.06235883,0.172146269,0.179243595
0.851489079,P,0.1739,-0.056024616,0.170314791,0.177476691
0.851489079,P,0.1693,-0.040202696,0.165497383,0.173097486
0.851489079,P,0.1648,-0.02465913,0.160851594,0.168746465
0.851489079,P,0.1603,-0.009391137,0.156591467,0.164008656
0.851489079,C,0.1539,0.004826341,0.150228561,0.157571779
0.851489079,C,0.1515,0.020922146,0.148305357,0.154693463
0.851489079,C,0.1471,0.035500484,0.144103395,0.150092713
0.851489079,C,0.1429,0.049930706,0.139894981,0.145896254
0.851489079,C,0.1388,0.064086266,0.135828897,0.141755515
0.851489079,C,0.1351,0.078097553,0.13221624,0.137960025
0.851489079,C,0.1317,0.091877011,0.12887563,0.134490366
0.851489079,C,0.1287,0.105485765,0.124619495,0.132681203
0.851489079,C,0.1261,0.118898022,0.122137536,0.129936767
0.851489079,C,0.1239,0.132186877,0.119774532,0.127849694
0.851489079,C,0.1222,0.145300607,0.118255853,0.125943424
0.851489079,C,0.1208,0.158171526,0.116732635,0.12460877
0.851489079,C,0.1186,0.18359068,0.113751448,0.122946214
0.851489079,C,0.1346,0.301538283,0.128449073,0.139432178
0.876130242,P,0.3676,-0.86555269,0.330106762,0.389900559
0.876130242,P,0.3537,-0.79670058,0.331085988,0.370114611
0.876130242,P,0.3416,-0.732247907,0.326051304,0.354134553
0.876130242,P,0.3279,-0.671650267,0.317798922,0.336701974
0.876130242,P,0.3156,-0.614345487,0.306366306,0.323797106
0.876130242,P,0.3092,-0.587016869,0.300123478,0.317299275
0.876130242,P,0.3037,-0.560311731,0.296624041,0.31019003
0.876130242,P,0.2982,-0.534462247,0.291985208,0.303974986
0.876130242,P,0.2925,-0.50910029,0.286372095,0.298215358
0.876130242,P,0.2867,-0.484444664,0.281251191,0.291832232
0.876130242,P,0.2812,-0.460346833,0.27635291,0.285805357
0.876130242,P,0.2755,-0.436921363,0.270712018,0.280061471
0.876130242,P,0.2706,-0.413844005,0.265941266,0.275055
0.876130242,P,0.265,-0.391447024,0.260445532,0.26936846
0.876130242,P,0.2596,-0.369378036,0.255496921,0.263559286
0.876130242,P,0.2539,-0.34797059,0.249885094,0.257784009
0.876130242,P,0.2488,-0.326909027,0.244639565,0.252828503
0.876130242,P,0.2437,-0.306344601,0.239682766,0.24760198
0.876130242,P,0.2386,-0.286016924,0.234727098,0.242373154
0.876130242,P,0.2334,-0.266217794,0.229461429,0.237242987
0.876130242,P,0.2282,-0.246848599,0.224588225,0.231737597
0.876130242,P,0.2229,-0.227842001,0.219239995,0.226490305
0.876130242,P,0.2183,-0.209103473,0.214934848,0.221612191
0.876130242,P,0.2133,-0.190801173,0.210044152,0.216511548
0.876130242,P,0.2084,-0.172699,0.205248299,0.211515208
0.876130242,P,0.2034,-0.155154341,0.200461316,0.206311123
0.876130242,P,0.1981,-0.137663962,0.195695086,0.200489173
0.876130242,P,0.1935,-0.120610166,0.191134961,0.195852522
0.876130242,P,0.1891,-0.103852857,0.18636204,0.191824684
0.876130242,P,0.1839,-0.087271878,0.181591869,0.18620092
0.876130242,P,0.1795,-0.071090396,0.177299592,0.181695778
0.876130242,P,0.1747,-0.055078247,0.172412762,0.176984045
0.876130242,P,0.1699,-0.039280798,0.167775657,0.172022891
0.876130242,P,0.1653,-0.023814355,0.163231826,0.167367716
0.876130242,P,0.1609,-0.008499878,0.158625414,0.163174666
0.876130242,C,0.1551,0.00560608,0.152765037,0.157435096
0.876130242,C,0.1517,0.021209251,0.149518599,0.153880859
0.876130242,C,0.1474,0.035751308,0.145349003,0.149449218
0.876130242,C,0.1436,0.05023853,0.141656785,0.145539666
0.876130242,C,0.1397,0.064366142,0.137578919,0.141813441
0.876130242,C,0.1363,0.078394848,0.134420689,0.13816968
0.876130242,C,0.1324,0.092110522,0.130564649,0.134221495
0.876130242,C,0.1296,0.105778109,0.127686496,0.131492355
0.876130242,C,0.1271,0.119226839,0.125074229,0.12909395
0.876130242,C,0.1246,0.132349812,0.122712678,0.126451289
0.876130242,C,0.1218,0.158344931,0.119813406,0.123726053
0.876130242,C,0.1207,0.183643287,0.117853491,0.123379437
1.349788154,P,0.608,-2.114454675,0.587439693,0.623784192
1.349788154,P,0.5689,-1.891109629,0.557321766,0.578837295
1.349788154,P,0.523,-1.708458345,0.514032445,0.530905168
1.349788154,P,0.493,-1.554355417,0.489988089,0.495883568
1.349788154,P,0.4911,-1.420538849,0.43605192,0.522857209
1.349788154,P,0.457,-1.302718608,0.39387982,0.4902121
1.349788154,P,0.4367,-1.197182431,0.406394734,0.458463037
1.349788154,P,0.4054,-1.102048613,0.355234802,0.434560599
1.349788154,P,0.3844,-1.014795041,0.34712005,0.408942345
1.349788154,P,0.3618,-0.934632462,0.356559064,0.366693171
1.349788154,P,0.3533,-0.860651012,0.332713784,0.369666192
1.349788154,P,0.3396,-0.791618075,0.311321257,0.360679148
1.349788154,P,0.3299,-0.75865561,0.304432594,0.349385554
1.349788154,P,0.3207,-0.7269705,0.299897552,0.337355833
1.349788154,P,0.3164,-0.696027944,0.29671332,0.332479025
1.349788154,P,0.3096,-0.66622782,0.291914394,0.324380135
1.349788154,P,0.3025,-0.637261662,0.286465128,0.316152751
1.349788154,P,0.2969,-0.609105334,0.282563346,0.30936229
1.349788154,P,0.2912,-0.581645639,0.273236702,0.306385777
1.349788154,P,0.2854,-0.554860235,0.269213995,0.299366496
1.349788154,P,0.2802,-0.528838982,0.266008522,0.292721165
1.349788154,P,0.2748,-0.503454223,0.261938888,0.286324691
1.349788154,P,0.2701,-0.478826747,0.258466815,0.280677924
1.349788154,P,0.2651,-0.454769543,0.254774455,0.274622302
1.349788154,P,0.2605,-0.431223864,0.251337988,0.269055977
1.349788154,P,0.2555,-0.408086919,0.246654186,0.263806936
1.349788154,P,0.2511,-0.385711931,0.242788487,0.258960985
1.349788154,P,0.2466,-0.363675337,0.238957217,0.253882914
1.349788154,P,0.2426,-0.342228237,0.234881269,0.249976614
1.349788154,P,0.2385,-0.321051711,0.231060491,0.245644024
1.349788154,P,0.2343,-0.300460378,0.226963779,0.2413701
1.349788154,P,0.2303,-0.280272343,0.223078012,0.237285121
1.349788154,P,0.2264,-0.260442077,0.219295741,0.2332955
1.349788154,P,0.2223,-0.240951342,0.215304948,0.229111756
1.349788154,P,0.2184,-0.2219254,0.21162249,0.225023349
1.349788154,P,0.2143,-0.203148893,0.207613725,0.220853123
1.349788154,P,0.2104,-0.184811879,0.203799113,0.216887424
1.349788154,P,0.2052,-0.166802333,0.200786352,0.209568952
1.349788154,P,0.2012,-0.149003228,0.196921584,0.205442967
1.349788154,P,0.1973,-0.131677215,0.193138633,0.201433726
1.349788154,P,0.1933,-0.114502472,0.189320476,0.197259351
1.349788154,P,0.1901,-0.097798543,0.185974996,0.1942086
1.349788154,P,0.1854,-0.081142137,0.181643438,0.189146665
1.349788154,P,0.1814,-0.064921782,0.177834411,0.184959723
1.349788154,P,0.1776,-0.048909434,0.173994026,0.181202641
1.349788154,P,0.1739,-0.033139202,0.170376176,0.177422631
1.349788154,P,0.1708,-0.017563804,0.1664725,0.175127719
1.349788154,P,0.1665,-0.002338775,0.162946938,0.17005376
1.349788154,C,0.163,0.012960351,0.159270209,0.166730156
1.349788154,C,0.1595,0.027790198,0.155699009,0.163299731
1.349788154,C,0.1562,0.042394381,0.152497059,0.159898875
1.349788154,C,0.153,0.056851793,0.149435252,0.15655692
1.349788154,C,0.1499,0.071026953,0.146380977,0.153405949
1.349788154,C,0.1471,0.084994175,0.143672295,0.150508627
1.349788154,C,0.1444,0.098851336,0.141116741,0.147658044
1.349788154,C,0.1419,0.112379827,0.138594214,0.14517087
1.349788154,C,0.1395,0.125811149,0.136312533,0.142644608
1.349788154,C,0.1374,0.139108066,0.133234977,0.141471939
1.349788154,C,0.1354,0.152209147,0.131361228,0.13932959
1.349788154,C,0.1337,0.165073964,0.129369065,0.137878584
1.349788154,C,0.1321,0.177819941,0.127158444,0.136805611
1.349788154,C,0.1299,0.190337941,0.125833887,0.133773511
1.349788154,C,0.1279,0.239304716,0.120785891,0.134111375
1.349788154,C,0.1318,0.285871064,0.129105558,0.134315206
1.349788154,C,0.1334,0.308291869,0.129974254,0.136509284
1.349788154,C,0.1443,0.413751174,0.136296597,0.150253596
1.349788154,C,0.1717,0.596359249,0.1553373,0.180250242
1.426449551,P,0.4164,-1.196281683,0.34559488,0.450116158
1.426449551,P,0.3905,-1.101096925,0.352707217,0.41471613
1.426449551,P,0.3805,-1.013861024,0.3489192,0.402695184
1.426449551,P,0.3631,-0.933843149,0.339671634,0.381090633
1.426449551,P,0.3563,-0.859783877,0.326874026,0.378210868
1.426449551,P,0.3332,-0.790578643,0.30758896,0.352785079
1.426449551,P,0.3258,-0.757660632,0.302972771,0.343798843
1.426449551,P,0.3197,-0.726032532,0.299907452,0.335857464
1.426449551,P,0.3129,-0.6953154,0.295121472,0.327750543
1.426449551,P,0.3057,-0.665211881,0.289587087,0.319412639
1.426449551,P,0.2993,-0.636326377,0.284740784,0.311917142
1.426449551,P,0.2957,-0.608166458,0.276481743,0.311803369
1.426449551,P,0.2902,-0.580644284,0.272517889,0.305297064
1.426449551,P,0.284,-0.553995612,0.267902772,0.297984283
1.426449551,P,0.2787,-0.528072549,0.264122766,0.291585569
1.426449551,P,0.2734,-0.502558784,0.260159998,0.28528291
1.426449551,P,0.2683,-0.477977401,0.256227779,0.279279498
1.426449551,P,0.2632,-0.453944508,0.252154265,0.273362668
1.426449551,P,0.2589,-0.430406831,0.248829359,0.268270421
1.426449551,P,0.254,-0.407319643,0.244743903,0.262690583
1.426449551,P,0.2494,-0.384844532,0.240880337,0.257464649
1.426449551,P,0.2453,-0.362863533,0.237459544,0.252778086
1.426449551,P,0.2406,-0.34129577,0.233011406,0.247869224
1.426449551,P,0.2365,-0.320071308,0.229178767,0.24354501
1.426449551,P,0.2325,-0.299540728,0.225144523,0.239598011
1.426449551,P,0.2284,-0.279374344,0.221287165,0.235291332
1.426449551,P,0.2245,-0.25951622,0.217499124,0.231305548
1.426449551,P,0.2204,-0.240159586,0.21361077,0.227022691
1.426449551,P,0.2165,-0.221084087,0.209699625,0.223150913
1.426449551,P,0.2126,-0.202401288,0.205992706,0.219082351
1.426449551,P,0.2087,-0.184013098,0.202173238,0.215120303
1.426449551,P,0.2045,-0.165925234,0.199820009,0.209132609
1.426449551,P,0.2006,-0.148265984,0.196230092,0.204935075
1.426449551,P,0.1966,-0.130792745,0.192347123,0.200825758
1.426449551,P,0.1927,-0.113716947,0.188624737,0.196755449
1.426449551,P,0.1889,-0.096895269,0.184907264,0.192878288
1.426449551,P,0.185,-0.080322337,0.181145652,0.188844735
1.426449551,P,0.1812,-0.064102496,0.177532711,0.184861652
1.426449551,P,0.1775,-0.048124229,0.173794528,0.181202356
1.426449551,P,0.1738,-0.032334912,0.17010941,0.177489532
1.426449551,P,0.1701,-0.01672041,0.1664067,0.173793584
1.426449551,P,0.1665,-0.001528468,0.162655791,0.170345081
1.426449551,C,0.163,0.013711083,0.159367344,0.166633021
1.426449551,C,0.1598,0.028618422,0.156290156,0.163308812
1.426449551,C,0.1565,0.043223423,0.153153794,0.159843006
1.426449551,C,0.1533,0.057560506,0.150096596,0.156497358
1.426449551,C,0.1504,0.071826909,0.147253043,0.153536986
1.426449551,C,0.1476,0.085861087,0.144487889,0.150697119
1.426449551,C,0.1449,0.099645891,0.141801163,0.147977497
1.426449551,C,0.1423,0.113133077,0.139193074,0.145377617
1.426449551,C,0.1401,0.126594332,0.136882779,0.143275954
1.426449551,C,0.1379,0.139785851,0.133577561,0.142127734
1.426449551,C,0.136,0.152957322,0.131694924,0.140188189
1.426449551,C,0.1346,0.165889555,0.13031842,0.138741874
1.426449551,C,0.1329,0.178685983,0.127702151,0.137852836
1.426449551,C,0.1313,0.191164335,0.125488622,0.136752705
1.426449551,C,0.1285,0.239955788,0.119670977,0.136047109
1.426449551,C,0.1291,0.286525549,0.117322071,0.13799608
2.346386305,P,0.6244,-2.793236196,0.615758655,0.632149175
2.346386305,P,0.5296,-2.099999989,0.524991177,0.533960603
2.346386305,P,0.4557,-1.694687377,0.45327125,0.458056244
2.346386305,P,0.408,-1.407189814,0.405941547,0.410008071
2.346386305,P,0.3762,-1.184141983,0.347341568,0.397967259
2.346386305,P,0.3569,-1.088726458,0.333172016,0.37567806
2.346386305,P,0.342,-1.001770249,0.32355708,0.35742291
2.346386305,P,0.3382,-0.921555644,0.314161263,0.35783824
2.346386305,P,0.3187,-0.847604036,0.291061979,0.340589468
2.346386305,P,0.3044,-0.778516823,0.278060201,0.325606913
2.346386305,P,0.2936,-0.713973893,0.2719914,0.311839919
2.346386305,P,0.2842,-0.653296038,0.266062664,0.30007802
2.346386305,P,0.2755,-0.596351021,0.260488834,0.289057748
2.346386305,P,0.2672,-0.542372027,0.254431486,0.278996884
2.346386305,P,0.2635,-0.51627638,0.251702973,0.274507182
2.346386305,P,0.2597,-0.490947244,0.248749034,0.270003827
2.346386305,P,0.2562,-0.466328065,0.245595546,0.266232043
2.346386305,P,0.2526,-0.442185889,0.242184016,0.262496493
2.346386305,P,0.2491,-0.418704791,0.238867985,0.258862212
2.346386305,P,0.2455,-0.395713767,0.235555581,0.255029364
2.346386305,P,0.2424,-0.373161728,0.232638197,0.251791743
2.346386305,P,0.239,-0.351203161,0.229898501,0.247803454
2.346386305,P,0.2359,-0.329830144,0.227113614,0.244431419
2.346386305,P,0.2347,-0.30867337,0.228744074,0.240551156
2.346386305,P,0.2298,-0.288069695,0.221569559,0.237846003
2.346386305,P,0.2265,-0.267803812,0.218665191,0.234184173
2.346386305,P,0.2233,-0.248033149,0.215823585,0.230653947
2.346386305,P,0.2201,-0.228598984,0.212949247,0.227151789
2.346386305,P,0.2163,-0.209688401,0.210138816,0.222396324
2.346386305,P,0.2132,-0.190995899,0.207347679,0.219002042
2.346386305,P,0.2102,-0.172549938,0.204435149,0.215923797
2.346386305,P,0.207,-0.154514234,0.201496279,0.212472797
2.346386305,P,0.2047,-0.136878789,0.199982373,0.209399637
2.346386305,P,0.2012,-0.11951605,0.195914476,0.206467983
2.346386305,P,0.1983,-0.102428649,0.193273375,0.203315092
2.346386305,P,0.1955,-0.085545494,0.190654386,0.20033851
2.346386305,P,0.1926,-0.068994971,0.188025169,0.197171252
2.346386305,P,0.1898,-0.052753546,0.185367274,0.194231504
2.346386305,P,0.1871,-0.03683054,0.182793007,0.191407391
2.346386305,P,0.1842,-0.020942194,0.180055983,0.188345359
2.346386305,P,0.1816,-0.005563033,0.177653315,0.185548311
2.346386305,C,0.1792,0.009683644,0.174570474,0.183831631
2.346386305,C,0.1766,0.024692392,0.171938907,0.181262319
2.346386305,C,0.1741,0.039501127,0.169492643,0.178706849
2.346386305,C,0.1717,0.054053929,0.166977581,0.176419177
2.346386305,C,0.1694,0.068444907,0.164543747,0.174248913
2.346386305,C,0.1672,0.082691837,0.162188805,0.172198021
2.346386305,C,0.1646,0.096665589,0.16045926,0.168727119
2.346386305,C,0.1625,0.110487606,0.158281383,0.166698813
2.346386305,C,0.1602,0.123923546,0.155938197,0.164434744
2.346386305,C,0.1586,0.137414275,0.153659305,0.163494109
2.346386305,C,0.1566,0.150629219,0.151499244,0.161638319
2.346386305,C,0.1547,0.163787014,0.149468849,0.159850269
2.346386305,C,0.1535,0.176690161,0.148629186,0.158287015
2.346386305,C,0.1519,0.189370333,0.146807106,0.156884277
2.346386305,C,0.1504,0.20195737,0.144212761,0.156400318
2.346386305,C,0.1491,0.21445006,0.142940078,0.155045932
2.346386305,C,0.1478,0.226596999,0.141743588,0.153619863
2.346386305,C,0.1457,0.250836362,0.139174678,0.151877888
2.346386305,C,0.1425,0.297255042,0.133662735,0.150423369
2.346386305,C,0.1414,0.319765159,0.130852382,0.150460738
2.346386305,C,0.1442,0.425236483,0.134988562,0.15162926
2.346386305,C,0.1557,0.607345247,0.152617708,0.15843129
